dataset,condition,classical_accuracy,classical_time_sec,hybrid_accuracy,hybrid_time_sec,seed,test_samples
diabetes,full,0.998,0.5424985885620117,0.991,38.29356336593628,42,1000
diabetes,reduced,0.926,0.15767574310302734,0.596,11.041721105575562,42,1000
diabetes,noisy,0.999,0.42571091651916504,0.598,37.371317863464355,42,1000
breast-cancer,full,0.9210526315789473,0.062357425689697266,0.3684210526315789,4.5941383838653564,42,114
breast-cancer,reduced,0.6929824561403509,0.01947784423828125,0.3684210526315789,1.3618924617767334,42,114
breast-cancer,noisy,0.9385964912280702,0.051300764083862305,0.631578947368421,4.56533145904541,42,114
